{
  "project_info": {
    "project_number": "455877961648",
    "project_id": "traintracker-5bd59",
    "storage_bucket": "traintracker-5bd59.firebasestorage.app"
  },
  "client": [
    {
      "client_info": {
        "mobilesdk_app_id": "1:455877961648:android:ab0e090d84ed630343d875",
        "android_client_info": {
          "package_name": "com.mobdeve.s14.javellana.mac.mp_traintracker"
        }
      },
      "oauth_client": [],
      "api_key": [
        {
          "current_key": "AIzaSyDb0qymDMEZYS9jdKtTPlvnvMJKPqmWxXI"
        }
      ],
      "services": {
        "appinvite_service": {
          "other_platform_oauth_client": []
        }
      }
    }
  ],
  "configuration_version": "1"
}